﻿<?xml version="1.0" encoding="utf-8"?>
<abapGit version="v1.0.0" serializer="LCL_OBJECT_DTEL" serializer_version="v1.0.0">
 <asx:abap xmlns:asx="http://www.sap.com/abapxml" version="1.0">
  <asx:values>
   <DD04V>
    <ROLLNAME>Z19_VIDEO_ID</ROLLNAME>
    <DDLANGUAGE>E</DDLANGUAGE>
    <HEADLEN>55</HEADLEN>
    <SCRLEN1>10</SCRLEN1>
    <SCRLEN2>20</SCRLEN2>
    <SCRLEN3>40</SCRLEN3>
    <DDTEXT>Video ID</DDTEXT>
    <REPTEXT>Video ID</REPTEXT>
    <SCRTEXT_S>Video ID</SCRTEXT_S>
    <SCRTEXT_M>Video ID</SCRTEXT_M>
    <SCRTEXT_L>Video ID</SCRTEXT_L>
    <DTELMASTER>E</DTELMASTER>
    <DATATYPE>INT4</DATATYPE>
    <LENG>000010</LENG>
    <OUTPUTLEN>000011</OUTPUTLEN>
   </DD04V>
  </asx:values>
 </asx:abap>
</abapGit>
