﻿<?xml version="1.0" encoding="utf-8"?>
<abapGit version="v1.0.0" serializer="LCL_OBJECT_VIEW" serializer_version="v1.0.0">
 <asx:abap xmlns:asx="http://www.sap.com/abapxml" version="1.0">
  <asx:values>
   <DD25V>
    <VIEWNAME>ZV_19_VIDEO</VIEWNAME>
    <AS4LOCAL>A</AS4LOCAL>
    <DDLANGUAGE>E</DDLANGUAGE>
    <AGGTYPE>V</AGGTYPE>
    <ROOTTAB>Z19VIDEO</ROOTTAB>
    <DDTEXT>Mapping View: Video</DDTEXT>
    <VIEWCLASS>D</VIEWCLASS>
    <GLOBALFLAG>X</GLOBALFLAG>
   </DD25V>
   <DD26V_TABLE>
    <DD26V>
     <VIEWNAME>ZV_19_VIDEO</VIEWNAME>
     <TABNAME>Z19VIDEO</TABNAME>
     <TABPOS>0001</TABPOS>
     <FORTABNAME>Z19VIDEO</FORTABNAME>
    </DD26V>
   </DD26V_TABLE>
   <DD27P_TABLE>
    <DD27P>
     <VIEWFIELD>CLIENT</VIEWFIELD>
     <TABNAME>Z19VIDEO</TABNAME>
     <FIELDNAME>CLIENT</FIELDNAME>
     <KEYFLAG>X</KEYFLAG>
    </DD27P>
    <DD27P>
     <VIEWFIELD>VIDEOUUID</VIEWFIELD>
     <TABNAME>Z19VIDEO</TABNAME>
     <FIELDNAME>VIDEO_UUID</FIELDNAME>
     <KEYFLAG>X</KEYFLAG>
    </DD27P>
    <DD27P>
     <VIEWFIELD>VIDEOID</VIEWFIELD>
     <TABNAME>Z19VIDEO</TABNAME>
     <FIELDNAME>VIDEO_ID</FIELDNAME>
    </DD27P>
    <DD27P>
     <VIEWFIELD>MEDIUM</VIEWFIELD>
     <TABNAME>Z19VIDEO</TABNAME>
     <FIELDNAME>MEDIUM</FIELDNAME>
     <SHLPORIGIN>F</SHLPORIGIN>
     <VALEXI>X</VALEXI>
    </DD27P>
    <DD27P>
     <VIEWFIELD>STATUS</VIEWFIELD>
     <TABNAME>Z19VIDEO</TABNAME>
     <FIELDNAME>STATUS</FIELDNAME>
     <SHLPORIGIN>F</SHLPORIGIN>
     <VALEXI>X</VALEXI>
    </DD27P>
    <DD27P>
     <VIEWFIELD>MOVIEUUID</VIEWFIELD>
     <TABNAME>Z19VIDEO</TABNAME>
     <FIELDNAME>MOVIE_UUID</FIELDNAME>
    </DD27P>
   </DD27P_TABLE>
  </asx:values>
 </asx:abap>
</abapGit>
