﻿<?xml version="1.0" encoding="utf-8"?>
<abapGit version="v1.0.0" serializer="LCL_OBJECT_INTF" serializer_version="v1.0.0">
 <asx:abap xmlns:asx="http://www.sap.com/abapxml" version="1.0">
  <asx:values>
   <VSEOINTERF>
    <CLSNAME>ZIF_I_19_RENTALTP_C</CLSNAME>
    <LANGU>E</LANGU>
    <DESCRIPT>Generated Constants Interface</DESCRIPT>
    <EXPOSURE>2</EXPOSURE>
    <STATE>1</STATE>
    <UNICODE>X</UNICODE>
   </VSEOINTERF>
   <DESCRIPTIONS>
    <SEOCOMPOTX>
     <CMPNAME>SC_ACTION</CMPNAME>
     <LANGU>E</LANGU>
     <DESCRIPT>Actions</DESCRIPT>
    </SEOCOMPOTX>
    <SEOCOMPOTX>
     <CMPNAME>SC_ACTION_ATTRIBUTE</CMPNAME>
     <LANGU>E</LANGU>
     <DESCRIPT>Action Parameter Attributes</DESCRIPT>
    </SEOCOMPOTX>
    <SEOCOMPOTX>
     <CMPNAME>SC_ASSOCIATION</CMPNAME>
     <LANGU>E</LANGU>
     <DESCRIPT>Associations</DESCRIPT>
    </SEOCOMPOTX>
    <SEOCOMPOTX>
     <CMPNAME>SC_ASSOCIATION_ATTRIBUTE</CMPNAME>
     <LANGU>E</LANGU>
     <DESCRIPT>Association Parameter Attributes</DESCRIPT>
    </SEOCOMPOTX>
    <SEOCOMPOTX>
     <CMPNAME>SC_DETERMINATION</CMPNAME>
     <LANGU>E</LANGU>
     <DESCRIPT>Determinations</DESCRIPT>
    </SEOCOMPOTX>
    <SEOCOMPOTX>
     <CMPNAME>SC_NODE</CMPNAME>
     <LANGU>E</LANGU>
     <DESCRIPT>Nodes</DESCRIPT>
    </SEOCOMPOTX>
    <SEOCOMPOTX>
     <CMPNAME>SC_NODE_ATTRIBUTE</CMPNAME>
     <LANGU>E</LANGU>
     <DESCRIPT>Node Attributes</DESCRIPT>
    </SEOCOMPOTX>
    <SEOCOMPOTX>
     <CMPNAME>SC_NODE_CATEGORY</CMPNAME>
     <LANGU>E</LANGU>
     <DESCRIPT>Node Categories</DESCRIPT>
    </SEOCOMPOTX>
   </DESCRIPTIONS>
  </asx:values>
 </asx:abap>
</abapGit>
