﻿<?xml version="1.0" encoding="utf-8"?>
<abapGit version="v1.0.0" serializer="LCL_OBJECT_TABL" serializer_version="v1.0.0">
 <asx:abap xmlns:asx="http://www.sap.com/abapxml" version="1.0">
  <asx:values>
   <DD02V>
    <TABNAME>ZSI19_RENTALTP_D</TABNAME>
    <DDLANGUAGE>E</DDLANGUAGE>
    <TABCLASS>INTTAB</TABCLASS>
    <DDTEXT>#GENERATED#</DDTEXT>
    <EXCLASS>1</EXCLASS>
   </DD02V>
   <DD03P_TABLE>
    <DD03P>
     <FIELDNAME>RENTALID</FIELDNAME>
     <ROLLNAME>Z19_RENTAL_ID</ROLLNAME>
     <ADMINFIELD>0</ADMINFIELD>
     <COMPTYPE>E</COMPTYPE>
    </DD03P>
    <DD03P>
     <FIELDNAME>VIDEOUUID</FIELDNAME>
     <ROLLNAME>SYSUUID_X16</ROLLNAME>
     <ADMINFIELD>0</ADMINFIELD>
     <COMPTYPE>E</COMPTYPE>
    </DD03P>
    <DD03P>
     <FIELDNAME>CUSTOMERUUID</FIELDNAME>
     <ROLLNAME>SYSUUID_X16</ROLLNAME>
     <ADMINFIELD>0</ADMINFIELD>
     <COMPTYPE>E</COMPTYPE>
    </DD03P>
    <DD03P>
     <FIELDNAME>RENTAL_DATE</FIELDNAME>
     <ROLLNAME>Z19_RENTAL_DATE</ROLLNAME>
     <ADMINFIELD>0</ADMINFIELD>
     <SHLPORIGIN>T</SHLPORIGIN>
     <COMPTYPE>E</COMPTYPE>
    </DD03P>
    <DD03P>
     <FIELDNAME>RETURNDATE</FIELDNAME>
     <ROLLNAME>Z19_RETURN_DATE</ROLLNAME>
     <ADMINFIELD>0</ADMINFIELD>
     <SHLPORIGIN>T</SHLPORIGIN>
     <COMPTYPE>E</COMPTYPE>
    </DD03P>
    <DD03P>
     <FIELDNAME>RENTALFEE</FIELDNAME>
     <ROLLNAME>Z19_RENTAL_FEE</ROLLNAME>
     <ADMINFIELD>0</ADMINFIELD>
     <REFTABLE>ZSI19_RENTALTP_D</REFTABLE>
     <REFFIELD>CURRENCYCODE</REFFIELD>
     <COMPTYPE>E</COMPTYPE>
    </DD03P>
    <DD03P>
     <FIELDNAME>CURRENCYCODE</FIELDNAME>
     <ROLLNAME>Z19_CURRENCY_CODE</ROLLNAME>
     <ADMINFIELD>0</ADMINFIELD>
     <COMPTYPE>E</COMPTYPE>
    </DD03P>
    <DD03P>
     <FIELDNAME>RENTALDATE</FIELDNAME>
     <ROLLNAME>Z19_RENTAL_DATE</ROLLNAME>
     <ADMINFIELD>0</ADMINFIELD>
     <SHLPORIGIN>T</SHLPORIGIN>
     <COMPTYPE>E</COMPTYPE>
    </DD03P>
   </DD03P_TABLE>
  </asx:values>
 </asx:abap>
</abapGit>
